,Govt ID #,Issuer/Government Name,County,Government Type,Year,variable,value
0,015-201-15,Alamo CCD,BEXAR,CCD,2003,Tax-Supported Debt Principal Outstanding as of 8/31/03 ,31364343.8
1,020-201-15,Alvin CCD,BRAZORIA,CCD,2003,Tax-Supported Debt Principal Outstanding as of 8/31/03 ,0.0
2,188-201-15,Amarillo JCD,POTTER-RANDALL,CCD,2003,Tax-Supported Debt Principal Outstanding as of 8/31/03 ,18955000.0
3,003-201-15,Angelina County JCD,Angelina,CCD,2003,Tax-Supported Debt Principal Outstanding as of 8/31/03 ,9875000.0
4,227-201-15,Austin CCD,Travis-Williamson,CCD,2003,Tax-Supported Debt Principal Outstanding as of 8/31/03 ,75000000.0
5,013-201-15,Bee County (Coastal Bend) College District,BEE,CCD,2003,Tax-Supported Debt Principal Outstanding as of 8/31/03 ,0.0
6,020-202-15,Brazosport JCD,BRAZORIA,CCD,2003,Tax-Supported Debt Principal Outstanding as of 8/31/03 ,0.0
7,014-201-15,Central Texas College District,Bell-Coryell,CCD,2003,Tax-Supported Debt Principal Outstanding as of 8/31/03 ,0.0
8,067-201-15,Cisco JCD,EASTLAND,CCD,2003,Tax-Supported Debt Principal Outstanding as of 8/31/03 ,0.0
9,065-201-15,Clarendon JCD,DONLEY,CCD,2003,Tax-Supported Debt Principal Outstanding as of 8/31/03 ,0.0
10,084-201-15,College of the Mainland,GALVESTON,CCD,2003,Tax-Supported Debt Principal Outstanding as of 8/31/03 ,0.0
11,043-201-15,Collin County CCD,COLLIN,CCD,2003,Tax-Supported Debt Principal Outstanding as of 8/31/03 ,28105000.0
12,178-201-15,"Corpus Christi (Del Mar) JCD, City of",NUECES,CCD,2003,Tax-Supported Debt Principal Outstanding as of 8/31/03 ,7045000.0
13,057-201-15,Dallas County CCD,DALLAS,CCD,2003,Tax-Supported Debt Principal Outstanding as of 8/31/03 ,9850000.0
14,071-201-15,El Paso CCD,EL PASO,CCD,2003,Tax-Supported Debt Principal Outstanding as of 8/31/03 ,0.0
15,117-202-15,Frank Phillips College District (Borger JCD),Hutchinson-Ochiltree,CCD,2003,Tax-Supported Debt Principal Outstanding as of 8/31/03 ,0.0
16,084-202-15,Galveston College,GALVESTON,CCD,2003,Tax-Supported Debt Principal Outstanding as of 8/31/03 ,0.0
17,091-201-15,Grayson County JCD,GRAYSON,CCD,2003,Tax-Supported Debt Principal Outstanding as of 8/31/03 ,0.0
18,109-201-15,Hill County JCD (Hill College),HILL-JOHNSON,CCD,2003,Tax-Supported Debt Principal Outstanding as of 8/31/03 ,0.0
19,101-204-15,Houston Community College System,Harris-FORT BEND,CCD,2003,Tax-Supported Debt Principal Outstanding as of 8/31/03 ,0.0
20,114-201-15,Howard County JCD,HOWARD,CCD,2003,Tax-Supported Debt Principal Outstanding as of 8/31/03 ,0.0
21,092-201-15,Kilgore College District,GREGG-RUSK,CCD,2003,Tax-Supported Debt Principal Outstanding as of 8/31/03 ,0.0
22,240-201-15,Laredo CCD,Webb,CCD,2003,Tax-Supported Debt Principal Outstanding as of 8/31/03 ,49770000.0
23,101-202-15,Lee College District,Harris-CHAMBERS,CCD,2003,Tax-Supported Debt Principal Outstanding as of 8/31/03 ,20470000.0
24,161-201-15,McLennan CCD,MCLENNAN,CCD,2003,Tax-Supported Debt Principal Outstanding as of 8/31/03 ,15605000.0
25,165-201-15,Midland County JCD,MIDLAND,CCD,2003,Tax-Supported Debt Principal Outstanding as of 8/31/03 ,0.0
26,175-201-15,Navarro County JCD,NAVARRO,CCD,2003,Tax-Supported Debt Principal Outstanding as of 8/31/03 ,0.0
27,049-201-15,North Central Texas (Cooke Co) CCD,COOKE,CCD,2003,Tax-Supported Debt Principal Outstanding as of 8/31/03 ,0.0
28,101-201-15,North Harris Montgomery CCD,Harris-Montgomery,CCD,2003,Tax-Supported Debt Principal Outstanding as of 8/31/03 ,205923480.75
29,032-201-15,Northeast Texas CCD,Camp-Morris-Titus,CCD,2003,Tax-Supported Debt Principal Outstanding as of 8/31/03 ,12304192.6
30,068-201-15,Odessa JCD,ECTOR,CCD,2003,Tax-Supported Debt Principal Outstanding as of 8/31/03 ,0.0
31,183-201-15,Panola County College District,PANOLA,CCD,2003,Tax-Supported Debt Principal Outstanding as of 8/31/03 ,1855654.13
32,139-201-15,Paris JCD,LAMAR,CCD,2003,Tax-Supported Debt Principal Outstanding as of 8/31/03 ,30000.0
33,184-201-15,Parker County JCD (Weatherford College),PARKER,CCD,2003,Tax-Supported Debt Principal Outstanding as of 8/31/03 ,7920000.0
34,067-202-15,Ranger College District,EASTLAND,CCD,2003,Tax-Supported Debt Principal Outstanding as of 8/31/03 ,0.0
35,101-203-15,San Jacinto CCD,Harris,CCD,2003,Tax-Supported Debt Principal Outstanding as of 8/31/03 ,75280000.0
36,208-201-15,Scurry County JCD (Western Texas College),SCURRY,CCD,2003,Tax-Supported Debt Principal Outstanding as of 8/31/03 ,0.0
37,110-201-15,South Plains College District,HOCKLEY,CCD,2003,Tax-Supported Debt Principal Outstanding as of 8/31/03 ,0.0
38,214-201-15,South Texas CCD,STARR-HIDALGO,CCD,2003,Tax-Supported Debt Principal Outstanding as of 8/31/03 ,113085000.0
39,031-201-15,Southmost Union JCD (Texas Southmost College),CAMERON,CCD,2003,Tax-Supported Debt Principal Outstanding as of 8/31/03 ,4590000.0
40,232-201-15,Southwest Texas JCD,UVALDE-REAL-ZAVALA,CCD,2003,Tax-Supported Debt Principal Outstanding as of 8/31/03 ,0.0
41,220-201-15,Tarrant County College District,Tarrant,CCD,2003,Tax-Supported Debt Principal Outstanding as of 8/31/03 ,76790000.0
42,014-202-15,Temple JCD,Bell,CCD,2003,Tax-Supported Debt Principal Outstanding as of 8/31/03 ,10205000.0
43,019-201-15,Texarkana CCD,BOWIE,CCD,2003,Tax-Supported Debt Principal Outstanding as of 8/31/03 ,0.0
44,107-201-15,Trinity Valley CCD,Henderson-Anderson-Kaufman-Van Zandt,CCD,2003,Tax-Supported Debt Principal Outstanding as of 8/31/03 ,0.0
45,212-201-15,Tyler JCD,SMITH-VAN ZANDT,CCD,2003,Tax-Supported Debt Principal Outstanding as of 8/31/03 ,0.0
46,235-201-15,Victoria JCD,Victoria,CCD,2003,Tax-Supported Debt Principal Outstanding as of 8/31/03 ,3225000.0
47,239-201-15,Washington County (Blinn) JCD,Washington,CCD,2003,Tax-Supported Debt Principal Outstanding as of 8/31/03 ,0.0
48,241-202-15,Wharton County JCD,Wharton-Fort Bend,CCD,2003,Tax-Supported Debt Principal Outstanding as of 8/31/03 ,0.0
49,244-201-15,Wilbarger County JCD (Vernon Regional Jr College),Wilbarger,CCD,2003,Tax-Supported Debt Principal Outstanding as of 8/31/03 ,0.0
50,015-201-15,Alamo CCD,BEXAR,CCD,2003,Tax-Supported Debt Interest Outstanding as of 8/31/03 ,4707128.7
51,020-201-15,Alvin CCD,BRAZORIA,CCD,2003,Tax-Supported Debt Interest Outstanding as of 8/31/03 ,0.0
52,188-201-15,Amarillo JCD,POTTER-RANDALL,CCD,2003,Tax-Supported Debt Interest Outstanding as of 8/31/03 ,6647150.04
53,003-201-15,Angelina County JCD,Angelina,CCD,2003,Tax-Supported Debt Interest Outstanding as of 8/31/03 ,5251720.0
54,227-201-15,Austin CCD,Travis-Williamson,CCD,2003,Tax-Supported Debt Interest Outstanding as of 8/31/03 ,68417792.083
55,013-201-15,Bee County (Coastal Bend) College District,BEE,CCD,2003,Tax-Supported Debt Interest Outstanding as of 8/31/03 ,0.0
56,020-202-15,Brazosport JCD,BRAZORIA,CCD,2003,Tax-Supported Debt Interest Outstanding as of 8/31/03 ,0.0
57,014-201-15,Central Texas College District,Bell-Coryell,CCD,2003,Tax-Supported Debt Interest Outstanding as of 8/31/03 ,0.0
58,067-201-15,Cisco JCD,EASTLAND,CCD,2003,Tax-Supported Debt Interest Outstanding as of 8/31/03 ,0.0
59,065-201-15,Clarendon JCD,DONLEY,CCD,2003,Tax-Supported Debt Interest Outstanding as of 8/31/03 ,0.0
60,084-201-15,College of the Mainland,GALVESTON,CCD,2003,Tax-Supported Debt Interest Outstanding as of 8/31/03 ,0.0
61,043-201-15,Collin County CCD,COLLIN,CCD,2003,Tax-Supported Debt Interest Outstanding as of 8/31/03 ,11408723.75
62,178-201-15,"Corpus Christi (Del Mar) JCD, City of",NUECES,CCD,2003,Tax-Supported Debt Interest Outstanding as of 8/31/03 ,699425.0
63,057-201-15,Dallas County CCD,DALLAS,CCD,2003,Tax-Supported Debt Interest Outstanding as of 8/31/03 ,320316.666667
64,071-201-15,El Paso CCD,EL PASO,CCD,2003,Tax-Supported Debt Interest Outstanding as of 8/31/03 ,0.0
65,117-202-15,Frank Phillips College District (Borger JCD),Hutchinson-Ochiltree,CCD,2003,Tax-Supported Debt Interest Outstanding as of 8/31/03 ,0.0
66,084-202-15,Galveston College,GALVESTON,CCD,2003,Tax-Supported Debt Interest Outstanding as of 8/31/03 ,0.0
67,091-201-15,Grayson County JCD,GRAYSON,CCD,2003,Tax-Supported Debt Interest Outstanding as of 8/31/03 ,0.0
68,109-201-15,Hill County JCD (Hill College),HILL-JOHNSON,CCD,2003,Tax-Supported Debt Interest Outstanding as of 8/31/03 ,0.0
69,101-204-15,Houston Community College System,Harris-FORT BEND,CCD,2003,Tax-Supported Debt Interest Outstanding as of 8/31/03 ,0.0
70,114-201-15,Howard County JCD,HOWARD,CCD,2003,Tax-Supported Debt Interest Outstanding as of 8/31/03 ,0.0
71,092-201-15,Kilgore College District,GREGG-RUSK,CCD,2003,Tax-Supported Debt Interest Outstanding as of 8/31/03 ,0.0
72,240-201-15,Laredo CCD,Webb,CCD,2003,Tax-Supported Debt Interest Outstanding as of 8/31/03 ,48336631.25
73,101-202-15,Lee College District,Harris-CHAMBERS,CCD,2003,Tax-Supported Debt Interest Outstanding as of 8/31/03 ,11205305.0
74,161-201-15,McLennan CCD,MCLENNAN,CCD,2003,Tax-Supported Debt Interest Outstanding as of 8/31/03 ,7994318.75
75,165-201-15,Midland County JCD,MIDLAND,CCD,2003,Tax-Supported Debt Interest Outstanding as of 8/31/03 ,0.0
76,175-201-15,Navarro County JCD,NAVARRO,CCD,2003,Tax-Supported Debt Interest Outstanding as of 8/31/03 ,0.0
77,049-201-15,North Central Texas (Cooke Co) CCD,COOKE,CCD,2003,Tax-Supported Debt Interest Outstanding as of 8/31/03 ,0.0
78,101-201-15,North Harris Montgomery CCD,Harris-Montgomery,CCD,2003,Tax-Supported Debt Interest Outstanding as of 8/31/03 ,106968445.27
79,032-201-15,Northeast Texas CCD,Camp-Morris-Titus,CCD,2003,Tax-Supported Debt Interest Outstanding as of 8/31/03 ,21391770.94
80,068-201-15,Odessa JCD,ECTOR,CCD,2003,Tax-Supported Debt Interest Outstanding as of 8/31/03 ,0.0
81,183-201-15,Panola County College District,PANOLA,CCD,2003,Tax-Supported Debt Interest Outstanding as of 8/31/03 ,656031.94
82,139-201-15,Paris JCD,LAMAR,CCD,2003,Tax-Supported Debt Interest Outstanding as of 8/31/03 ,1800.0
83,184-201-15,Parker County JCD (Weatherford College),PARKER,CCD,2003,Tax-Supported Debt Interest Outstanding as of 8/31/03 ,5255610.14
84,067-202-15,Ranger College District,EASTLAND,CCD,2003,Tax-Supported Debt Interest Outstanding as of 8/31/03 ,0.0
85,101-203-15,San Jacinto CCD,Harris,CCD,2003,Tax-Supported Debt Interest Outstanding as of 8/31/03 ,54276651.875
86,208-201-15,Scurry County JCD (Western Texas College),SCURRY,CCD,2003,Tax-Supported Debt Interest Outstanding as of 8/31/03 ,0.0
87,110-201-15,South Plains College District,HOCKLEY,CCD,2003,Tax-Supported Debt Interest Outstanding as of 8/31/03 ,0.0
88,214-201-15,South Texas CCD,STARR-HIDALGO,CCD,2003,Tax-Supported Debt Interest Outstanding as of 8/31/03 ,53575758.6111
89,031-201-15,Southmost Union JCD (Texas Southmost College),CAMERON,CCD,2003,Tax-Supported Debt Interest Outstanding as of 8/31/03 ,546540.0
90,232-201-15,Southwest Texas JCD,UVALDE-REAL-ZAVALA,CCD,2003,Tax-Supported Debt Interest Outstanding as of 8/31/03 ,0.0
91,220-201-15,Tarrant County College District,Tarrant,CCD,2003,Tax-Supported Debt Interest Outstanding as of 8/31/03 ,26219008.15
92,014-202-15,Temple JCD,Bell,CCD,2003,Tax-Supported Debt Interest Outstanding as of 8/31/03 ,4847815.0
93,019-201-15,Texarkana CCD,BOWIE,CCD,2003,Tax-Supported Debt Interest Outstanding as of 8/31/03 ,0.0
94,107-201-15,Trinity Valley CCD,Henderson-Anderson-Kaufman-Van Zandt,CCD,2003,Tax-Supported Debt Interest Outstanding as of 8/31/03 ,0.0
95,212-201-15,Tyler JCD,SMITH-VAN ZANDT,CCD,2003,Tax-Supported Debt Interest Outstanding as of 8/31/03 ,0.0
96,235-201-15,Victoria JCD,Victoria,CCD,2003,Tax-Supported Debt Interest Outstanding as of 8/31/03 ,224876.25
97,239-201-15,Washington County (Blinn) JCD,Washington,CCD,2003,Tax-Supported Debt Interest Outstanding as of 8/31/03 ,0.0
98,241-202-15,Wharton County JCD,Wharton-Fort Bend,CCD,2003,Tax-Supported Debt Interest Outstanding as of 8/31/03 ,0.0
99,244-201-15,Wilbarger County JCD (Vernon Regional Jr College),Wilbarger,CCD,2003,Tax-Supported Debt Interest Outstanding as of 8/31/03 ,0.0
100,015-201-15,Alamo CCD,BEXAR,CCD,2003,Tax-Supported Debt Service Outstanding as of 8/31/03 ,36071472.5
101,020-201-15,Alvin CCD,BRAZORIA,CCD,2003,Tax-Supported Debt Service Outstanding as of 8/31/03 ,0.0
102,188-201-15,Amarillo JCD,POTTER-RANDALL,CCD,2003,Tax-Supported Debt Service Outstanding as of 8/31/03 ,25602150.04
103,003-201-15,Angelina County JCD,Angelina,CCD,2003,Tax-Supported Debt Service Outstanding as of 8/31/03 ,15126720.0
104,227-201-15,Austin CCD,Travis-Williamson,CCD,2003,Tax-Supported Debt Service Outstanding as of 8/31/03 ,143417792.083
105,013-201-15,Bee County (Coastal Bend) College District,BEE,CCD,2003,Tax-Supported Debt Service Outstanding as of 8/31/03 ,0.0
106,020-202-15,Brazosport JCD,BRAZORIA,CCD,2003,Tax-Supported Debt Service Outstanding as of 8/31/03 ,0.0
107,014-201-15,Central Texas College District,Bell-Coryell,CCD,2003,Tax-Supported Debt Service Outstanding as of 8/31/03 ,0.0
108,067-201-15,Cisco JCD,EASTLAND,CCD,2003,Tax-Supported Debt Service Outstanding as of 8/31/03 ,0.0
109,065-201-15,Clarendon JCD,DONLEY,CCD,2003,Tax-Supported Debt Service Outstanding as of 8/31/03 ,0.0
110,084-201-15,College of the Mainland,GALVESTON,CCD,2003,Tax-Supported Debt Service Outstanding as of 8/31/03 ,0.0
111,043-201-15,Collin County CCD,COLLIN,CCD,2003,Tax-Supported Debt Service Outstanding as of 8/31/03 ,39513723.75
112,178-201-15,"Corpus Christi (Del Mar) JCD, City of",NUECES,CCD,2003,Tax-Supported Debt Service Outstanding as of 8/31/03 ,7744425.0
113,057-201-15,Dallas County CCD,DALLAS,CCD,2003,Tax-Supported Debt Service Outstanding as of 8/31/03 ,10170316.6667
114,071-201-15,El Paso CCD,EL PASO,CCD,2003,Tax-Supported Debt Service Outstanding as of 8/31/03 ,0.0
115,117-202-15,Frank Phillips College District (Borger JCD),Hutchinson-Ochiltree,CCD,2003,Tax-Supported Debt Service Outstanding as of 8/31/03 ,0.0
116,084-202-15,Galveston College,GALVESTON,CCD,2003,Tax-Supported Debt Service Outstanding as of 8/31/03 ,0.0
117,091-201-15,Grayson County JCD,GRAYSON,CCD,2003,Tax-Supported Debt Service Outstanding as of 8/31/03 ,0.0
118,109-201-15,Hill County JCD (Hill College),HILL-JOHNSON,CCD,2003,Tax-Supported Debt Service Outstanding as of 8/31/03 ,0.0
119,101-204-15,Houston Community College System,Harris-FORT BEND,CCD,2003,Tax-Supported Debt Service Outstanding as of 8/31/03 ,0.0
120,114-201-15,Howard County JCD,HOWARD,CCD,2003,Tax-Supported Debt Service Outstanding as of 8/31/03 ,0.0
121,092-201-15,Kilgore College District,GREGG-RUSK,CCD,2003,Tax-Supported Debt Service Outstanding as of 8/31/03 ,0.0
122,240-201-15,Laredo CCD,Webb,CCD,2003,Tax-Supported Debt Service Outstanding as of 8/31/03 ,98106631.25
123,101-202-15,Lee College District,Harris-CHAMBERS,CCD,2003,Tax-Supported Debt Service Outstanding as of 8/31/03 ,31675305.0
124,161-201-15,McLennan CCD,MCLENNAN,CCD,2003,Tax-Supported Debt Service Outstanding as of 8/31/03 ,23599318.75
125,165-201-15,Midland County JCD,MIDLAND,CCD,2003,Tax-Supported Debt Service Outstanding as of 8/31/03 ,0.0
126,175-201-15,Navarro County JCD,NAVARRO,CCD,2003,Tax-Supported Debt Service Outstanding as of 8/31/03 ,0.0
127,049-201-15,North Central Texas (Cooke Co) CCD,COOKE,CCD,2003,Tax-Supported Debt Service Outstanding as of 8/31/03 ,0.0
128,101-201-15,North Harris Montgomery CCD,Harris-Montgomery,CCD,2003,Tax-Supported Debt Service Outstanding as of 8/31/03 ,312891926.02
129,032-201-15,Northeast Texas CCD,Camp-Morris-Titus,CCD,2003,Tax-Supported Debt Service Outstanding as of 8/31/03 ,33695963.54
130,068-201-15,Odessa JCD,ECTOR,CCD,2003,Tax-Supported Debt Service Outstanding as of 8/31/03 ,0.0
131,183-201-15,Panola County College District,PANOLA,CCD,2003,Tax-Supported Debt Service Outstanding as of 8/31/03 ,2511686.07
132,139-201-15,Paris JCD,LAMAR,CCD,2003,Tax-Supported Debt Service Outstanding as of 8/31/03 ,31800.0
133,184-201-15,Parker County JCD (Weatherford College),PARKER,CCD,2003,Tax-Supported Debt Service Outstanding as of 8/31/03 ,13175610.14
134,067-202-15,Ranger College District,EASTLAND,CCD,2003,Tax-Supported Debt Service Outstanding as of 8/31/03 ,0.0
135,101-203-15,San Jacinto CCD,Harris,CCD,2003,Tax-Supported Debt Service Outstanding as of 8/31/03 ,129556651.875
136,208-201-15,Scurry County JCD (Western Texas College),SCURRY,CCD,2003,Tax-Supported Debt Service Outstanding as of 8/31/03 ,0.0
137,110-201-15,South Plains College District,HOCKLEY,CCD,2003,Tax-Supported Debt Service Outstanding as of 8/31/03 ,0.0
138,214-201-15,South Texas CCD,STARR-HIDALGO,CCD,2003,Tax-Supported Debt Service Outstanding as of 8/31/03 ,166660758.611
139,031-201-15,Southmost Union JCD (Texas Southmost College),CAMERON,CCD,2003,Tax-Supported Debt Service Outstanding as of 8/31/03 ,5136540.0
140,232-201-15,Southwest Texas JCD,UVALDE-REAL-ZAVALA,CCD,2003,Tax-Supported Debt Service Outstanding as of 8/31/03 ,0.0
141,220-201-15,Tarrant County College District,Tarrant,CCD,2003,Tax-Supported Debt Service Outstanding as of 8/31/03 ,103009008.15
142,014-202-15,Temple JCD,Bell,CCD,2003,Tax-Supported Debt Service Outstanding as of 8/31/03 ,15052815.0
143,019-201-15,Texarkana CCD,BOWIE,CCD,2003,Tax-Supported Debt Service Outstanding as of 8/31/03 ,0.0
144,107-201-15,Trinity Valley CCD,Henderson-Anderson-Kaufman-Van Zandt,CCD,2003,Tax-Supported Debt Service Outstanding as of 8/31/03 ,0.0
145,212-201-15,Tyler JCD,SMITH-VAN ZANDT,CCD,2003,Tax-Supported Debt Service Outstanding as of 8/31/03 ,0.0
146,235-201-15,Victoria JCD,Victoria,CCD,2003,Tax-Supported Debt Service Outstanding as of 8/31/03 ,3449876.25
147,239-201-15,Washington County (Blinn) JCD,Washington,CCD,2003,Tax-Supported Debt Service Outstanding as of 8/31/03 ,0.0
148,241-202-15,Wharton County JCD,Wharton-Fort Bend,CCD,2003,Tax-Supported Debt Service Outstanding as of 8/31/03 ,0.0
149,244-201-15,Wilbarger County JCD (Vernon Regional Jr College),Wilbarger,CCD,2003,Tax-Supported Debt Service Outstanding as of 8/31/03 ,0.0
150,015-201-15,Alamo CCD,BEXAR,CCD,2003,2002 M&O Tax Rate ,0.0923
151,020-201-15,Alvin CCD,BRAZORIA,CCD,2003,2002 M&O Tax Rate ,0.2553
152,188-201-15,Amarillo JCD,POTTER-RANDALL,CCD,2003,2002 M&O Tax Rate ,0.12357
153,003-201-15,Angelina County JCD,Angelina,CCD,2003,2002 M&O Tax Rate ,0.0787
154,227-201-15,Austin CCD,Travis-Williamson,CCD,2003,2002 M&O Tax Rate ,0.05
155,013-201-15,Bee County (Coastal Bend) College District,BEE,CCD,2003,2002 M&O Tax Rate ,0.122
156,020-202-15,Brazosport JCD,BRAZORIA,CCD,2003,2002 M&O Tax Rate ,0.085
157,014-201-15,Central Texas College District,Bell-Coryell,CCD,2003,2002 M&O Tax Rate ,0.1475
158,067-201-15,Cisco JCD,EASTLAND,CCD,2003,2002 M&O Tax Rate ,0.17016
159,065-201-15,Clarendon JCD,DONLEY,CCD,2003,2002 M&O Tax Rate ,0.18324
160,084-201-15,College of the Mainland,GALVESTON,CCD,2003,2002 M&O Tax Rate ,0.23187
161,043-201-15,Collin County CCD,COLLIN,CCD,2003,2002 M&O Tax Rate ,0.08
162,178-201-15,"Corpus Christi (Del Mar) JCD, City of",NUECES,CCD,2003,2002 M&O Tax Rate ,0.201866
163,057-201-15,Dallas County CCD,DALLAS,CCD,2003,2002 M&O Tax Rate ,0.06
164,071-201-15,El Paso CCD,EL PASO,CCD,2003,2002 M&O Tax Rate ,0.131389
165,117-202-15,Frank Phillips College District (Borger JCD),Hutchinson-Ochiltree,CCD,2003,2002 M&O Tax Rate ,0.22
166,084-202-15,Galveston College,GALVESTON,CCD,2003,2002 M&O Tax Rate ,0.1952
167,091-201-15,Grayson County JCD,GRAYSON,CCD,2003,2002 M&O Tax Rate ,0.12
168,109-201-15,Hill County JCD (Hill College),HILL-JOHNSON,CCD,2003,2002 M&O Tax Rate ,0.072924
169,101-204-15,Houston Community College System,Harris-FORT BEND,CCD,2003,2002 M&O Tax Rate ,0.08133
170,114-201-15,Howard County JCD,HOWARD,CCD,2003,2002 M&O Tax Rate ,0.26985
171,092-201-15,Kilgore College District,GREGG-RUSK,CCD,2003,2002 M&O Tax Rate ,0.1689
172,240-201-15,Laredo CCD,Webb,CCD,2003,2002 M&O Tax Rate ,0.174
173,101-202-15,Lee College District,Harris-CHAMBERS,CCD,2003,2002 M&O Tax Rate ,0.180475
174,161-201-15,McLennan CCD,MCLENNAN,CCD,2003,2002 M&O Tax Rate ,0.09477
175,165-201-15,Midland County JCD,MIDLAND,CCD,2003,2002 M&O Tax Rate ,0.1852
176,175-201-15,Navarro County JCD,NAVARRO,CCD,2003,2002 M&O Tax Rate ,0.1405
177,049-201-15,North Central Texas (Cooke Co) CCD,COOKE,CCD,2003,2002 M&O Tax Rate ,0.10428
178,101-201-15,North Harris Montgomery CCD,Harris-Montgomery,CCD,2003,2002 M&O Tax Rate ,0.0742
179,032-201-15,Northeast Texas CCD,Camp-Morris-Titus,CCD,2003,2002 M&O Tax Rate ,0.062
180,068-201-15,Odessa JCD,ECTOR,CCD,2003,2002 M&O Tax Rate ,0.2
181,183-201-15,Panola County College District,PANOLA,CCD,2003,2002 M&O Tax Rate ,0.11647
182,139-201-15,Paris JCD,LAMAR,CCD,2003,2002 M&O Tax Rate ,0.1783
183,184-201-15,Parker County JCD (Weatherford College),PARKER,CCD,2003,2002 M&O Tax Rate ,0.1104
184,067-202-15,Ranger College District,EASTLAND,CCD,2003,2002 M&O Tax Rate ,0.24
185,101-203-15,San Jacinto CCD,Harris,CCD,2003,2002 M&O Tax Rate ,0.1307
186,208-201-15,Scurry County JCD (Western Texas College),SCURRY,CCD,2003,2002 M&O Tax Rate ,0.27
187,110-201-15,South Plains College District,HOCKLEY,CCD,2003,2002 M&O Tax Rate ,0.28165
188,214-201-15,South Texas CCD,STARR-HIDALGO,CCD,2003,2002 M&O Tax Rate ,0.11
189,031-201-15,Southmost Union JCD (Texas Southmost College),CAMERON,CCD,2003,2002 M&O Tax Rate ,0.11012
190,232-201-15,Southwest Texas JCD,UVALDE-REAL-ZAVALA,CCD,2003,2002 M&O Tax Rate ,0.09
191,220-201-15,Tarrant County College District,Tarrant,CCD,2003,2002 M&O Tax Rate ,0.12876
192,014-202-15,Temple JCD,Bell,CCD,2003,2002 M&O Tax Rate ,0.1776
193,019-201-15,Texarkana CCD,BOWIE,CCD,2003,2002 M&O Tax Rate ,0.0831
194,107-201-15,Trinity Valley CCD,Henderson-Anderson-Kaufman-Van Zandt,CCD,2003,2002 M&O Tax Rate ,0.0615
195,212-201-15,Tyler JCD,SMITH-VAN ZANDT,CCD,2003,2002 M&O Tax Rate ,0.1223
196,235-201-15,Victoria JCD,Victoria,CCD,2003,2002 M&O Tax Rate ,0.107
197,239-201-15,Washington County (Blinn) JCD,Washington,CCD,2003,2002 M&O Tax Rate ,0.0549
198,241-202-15,Wharton County JCD,Wharton-Fort Bend,CCD,2003,2002 M&O Tax Rate ,0.16738
199,244-201-15,Wilbarger County JCD (Vernon Regional Jr College),Wilbarger,CCD,2003,2002 M&O Tax Rate ,0.28652
200,015-201-15,Alamo CCD,BEXAR,CCD,2003,2002 I&S Tax Rate ,0.0148
201,020-201-15,Alvin CCD,BRAZORIA,CCD,2003,2002 I&S Tax Rate ,0.0
202,188-201-15,Amarillo JCD,POTTER-RANDALL,CCD,2003,2002 I&S Tax Rate ,0.03264
203,003-201-15,Angelina County JCD,Angelina,CCD,2003,2002 I&S Tax Rate ,0.0293
204,227-201-15,Austin CCD,Travis-Williamson,CCD,2003,2002 I&S Tax Rate ,0.0
205,013-201-15,Bee County (Coastal Bend) College District,BEE,CCD,2003,2002 I&S Tax Rate ,0.0
206,020-202-15,Brazosport JCD,BRAZORIA,CCD,2003,2002 I&S Tax Rate ,0.0
207,014-201-15,Central Texas College District,Bell-Coryell,CCD,2003,2002 I&S Tax Rate ,0.0
208,067-201-15,Cisco JCD,EASTLAND,CCD,2003,2002 I&S Tax Rate ,0.0
209,065-201-15,Clarendon JCD,DONLEY,CCD,2003,2002 I&S Tax Rate ,0.0
210,084-201-15,College of the Mainland,GALVESTON,CCD,2003,2002 I&S Tax Rate ,0.0
211,043-201-15,Collin County CCD,COLLIN,CCD,2003,2002 I&S Tax Rate ,0.011946
212,178-201-15,"Corpus Christi (Del Mar) JCD, City of",NUECES,CCD,2003,2002 I&S Tax Rate ,0.018014
213,057-201-15,Dallas County CCD,DALLAS,CCD,2003,2002 I&S Tax Rate ,0.0
214,071-201-15,El Paso CCD,EL PASO,CCD,2003,2002 I&S Tax Rate ,0.0
215,117-202-15,Frank Phillips College District (Borger JCD),Hutchinson-Ochiltree,CCD,2003,2002 I&S Tax Rate ,0.0
216,084-202-15,Galveston College,GALVESTON,CCD,2003,2002 I&S Tax Rate ,0.0
217,091-201-15,Grayson County JCD,GRAYSON,CCD,2003,2002 I&S Tax Rate ,0.0
218,109-201-15,Hill County JCD (Hill College),HILL-JOHNSON,CCD,2003,2002 I&S Tax Rate ,0.0
219,101-204-15,Houston Community College System,Harris-FORT BEND,CCD,2003,2002 I&S Tax Rate ,0.0
220,114-201-15,Howard County JCD,HOWARD,CCD,2003,2002 I&S Tax Rate ,0.0
221,092-201-15,Kilgore College District,GREGG-RUSK,CCD,2003,2002 I&S Tax Rate ,0.0
222,240-201-15,Laredo CCD,Webb,CCD,2003,2002 I&S Tax Rate ,0.0525
223,101-202-15,Lee College District,Harris-CHAMBERS,CCD,2003,2002 I&S Tax Rate ,0.027938
224,161-201-15,McLennan CCD,MCLENNAN,CCD,2003,2002 I&S Tax Rate ,0.021757
225,165-201-15,Midland County JCD,MIDLAND,CCD,2003,2002 I&S Tax Rate ,0.0054
226,175-201-15,Navarro County JCD,NAVARRO,CCD,2003,2002 I&S Tax Rate ,0.0
227,049-201-15,North Central Texas (Cooke Co) CCD,COOKE,CCD,2003,2002 I&S Tax Rate ,0.0
228,101-201-15,North Harris Montgomery CCD,Harris-Montgomery,CCD,2003,2002 I&S Tax Rate ,0.0313
229,032-201-15,Northeast Texas CCD,Camp-Morris-Titus,CCD,2003,2002 I&S Tax Rate ,0.038
230,068-201-15,Odessa JCD,ECTOR,CCD,2003,2002 I&S Tax Rate ,0.0
231,183-201-15,Panola County College District,PANOLA,CCD,2003,2002 I&S Tax Rate ,0.0
232,139-201-15,Paris JCD,LAMAR,CCD,2003,2002 I&S Tax Rate ,0.0021
233,184-201-15,Parker County JCD (Weatherford College),PARKER,CCD,2003,2002 I&S Tax Rate ,0.0174
234,067-202-15,Ranger College District,EASTLAND,CCD,2003,2002 I&S Tax Rate ,0.0
235,101-203-15,San Jacinto CCD,Harris,CCD,2003,2002 I&S Tax Rate ,0.0
236,208-201-15,Scurry County JCD (Western Texas College),SCURRY,CCD,2003,2002 I&S Tax Rate ,0.0
237,110-201-15,South Plains College District,HOCKLEY,CCD,2003,2002 I&S Tax Rate ,0.0
238,214-201-15,South Texas CCD,STARR-HIDALGO,CCD,2003,2002 I&S Tax Rate ,0.0676
239,031-201-15,Southmost Union JCD (Texas Southmost College),CAMERON,CCD,2003,2002 I&S Tax Rate ,0.02128
240,232-201-15,Southwest Texas JCD,UVALDE-REAL-ZAVALA,CCD,2003,2002 I&S Tax Rate ,0.0
241,220-201-15,Tarrant County College District,Tarrant,CCD,2003,2002 I&S Tax Rate ,0.01062
242,014-202-15,Temple JCD,Bell,CCD,2003,2002 I&S Tax Rate ,0.0469
243,019-201-15,Texarkana CCD,BOWIE,CCD,2003,2002 I&S Tax Rate ,0.0
244,107-201-15,Trinity Valley CCD,Henderson-Anderson-Kaufman-Van Zandt,CCD,2003,2002 I&S Tax Rate ,0.0
245,212-201-15,Tyler JCD,SMITH-VAN ZANDT,CCD,2003,2002 I&S Tax Rate ,0.0
246,235-201-15,Victoria JCD,Victoria,CCD,2003,2002 I&S Tax Rate ,0.0324
247,239-201-15,Washington County (Blinn) JCD,Washington,CCD,2003,2002 I&S Tax Rate ,0.0
248,241-202-15,Wharton County JCD,Wharton-Fort Bend,CCD,2003,2002 I&S Tax Rate ,0.0
249,244-201-15,Wilbarger County JCD (Vernon Regional Jr College),Wilbarger,CCD,2003,2002 I&S Tax Rate ,0.0
250,015-201-15,Alamo CCD,BEXAR,CCD,2003,2002 TOTAL Tax Rate ,0.1071
251,020-201-15,Alvin CCD,BRAZORIA,CCD,2003,2002 TOTAL Tax Rate ,0.2553
252,188-201-15,Amarillo JCD,POTTER-RANDALL,CCD,2003,2002 TOTAL Tax Rate ,0.15621
253,003-201-15,Angelina County JCD,Angelina,CCD,2003,2002 TOTAL Tax Rate ,0.108
254,227-201-15,Austin CCD,Travis-Williamson,CCD,2003,2002 TOTAL Tax Rate ,0.05
255,013-201-15,Bee County (Coastal Bend) College District,BEE,CCD,2003,2002 TOTAL Tax Rate ,0.122
256,020-202-15,Brazosport JCD,BRAZORIA,CCD,2003,2002 TOTAL Tax Rate ,0.085
257,014-201-15,Central Texas College District,Bell-Coryell,CCD,2003,2002 TOTAL Tax Rate ,0.1475
258,067-201-15,Cisco JCD,EASTLAND,CCD,2003,2002 TOTAL Tax Rate ,0.17016
259,065-201-15,Clarendon JCD,DONLEY,CCD,2003,2002 TOTAL Tax Rate ,0.18324
260,084-201-15,College of the Mainland,GALVESTON,CCD,2003,2002 TOTAL Tax Rate ,0.23187
261,043-201-15,Collin County CCD,COLLIN,CCD,2003,2002 TOTAL Tax Rate ,0.091946
262,178-201-15,"Corpus Christi (Del Mar) JCD, City of",NUECES,CCD,2003,2002 TOTAL Tax Rate ,0.21988
263,057-201-15,Dallas County CCD,DALLAS,CCD,2003,2002 TOTAL Tax Rate ,0.06
264,071-201-15,El Paso CCD,EL PASO,CCD,2003,2002 TOTAL Tax Rate ,0.131389
265,117-202-15,Frank Phillips College District (Borger JCD),Hutchinson-Ochiltree,CCD,2003,2002 TOTAL Tax Rate ,0.22
266,084-202-15,Galveston College,GALVESTON,CCD,2003,2002 TOTAL Tax Rate ,0.1952
267,091-201-15,Grayson County JCD,GRAYSON,CCD,2003,2002 TOTAL Tax Rate ,0.12
268,109-201-15,Hill County JCD (Hill College),HILL-JOHNSON,CCD,2003,2002 TOTAL Tax Rate ,0.072924
269,101-204-15,Houston Community College System,Harris-FORT BEND,CCD,2003,2002 TOTAL Tax Rate ,0.08133
270,114-201-15,Howard County JCD,HOWARD,CCD,2003,2002 TOTAL Tax Rate ,0.26985
271,092-201-15,Kilgore College District,GREGG-RUSK,CCD,2003,2002 TOTAL Tax Rate ,0.1689
272,240-201-15,Laredo CCD,Webb,CCD,2003,2002 TOTAL Tax Rate ,0.2265
273,101-202-15,Lee College District,Harris-CHAMBERS,CCD,2003,2002 TOTAL Tax Rate ,0.208413
274,161-201-15,McLennan CCD,MCLENNAN,CCD,2003,2002 TOTAL Tax Rate ,0.116527
275,165-201-15,Midland County JCD,MIDLAND,CCD,2003,2002 TOTAL Tax Rate ,0.1906
276,175-201-15,Navarro County JCD,NAVARRO,CCD,2003,2002 TOTAL Tax Rate ,0.1405
277,049-201-15,North Central Texas (Cooke Co) CCD,COOKE,CCD,2003,2002 TOTAL Tax Rate ,0.10428
278,101-201-15,North Harris Montgomery CCD,Harris-Montgomery,CCD,2003,2002 TOTAL Tax Rate ,0.1055
279,032-201-15,Northeast Texas CCD,Camp-Morris-Titus,CCD,2003,2002 TOTAL Tax Rate ,0.1
280,068-201-15,Odessa JCD,ECTOR,CCD,2003,2002 TOTAL Tax Rate ,0.2
281,183-201-15,Panola County College District,PANOLA,CCD,2003,2002 TOTAL Tax Rate ,0.11647
282,139-201-15,Paris JCD,LAMAR,CCD,2003,2002 TOTAL Tax Rate ,0.1804
283,184-201-15,Parker County JCD (Weatherford College),PARKER,CCD,2003,2002 TOTAL Tax Rate ,0.1278
284,067-202-15,Ranger College District,EASTLAND,CCD,2003,2002 TOTAL Tax Rate ,0.24
285,101-203-15,San Jacinto CCD,Harris,CCD,2003,2002 TOTAL Tax Rate ,0.1307
286,208-201-15,Scurry County JCD (Western Texas College),SCURRY,CCD,2003,2002 TOTAL Tax Rate ,0.27
287,110-201-15,South Plains College District,HOCKLEY,CCD,2003,2002 TOTAL Tax Rate ,0.28165
288,214-201-15,South Texas CCD,STARR-HIDALGO,CCD,2003,2002 TOTAL Tax Rate ,0.1776
289,031-201-15,Southmost Union JCD (Texas Southmost College),CAMERON,CCD,2003,2002 TOTAL Tax Rate ,0.1314
290,232-201-15,Southwest Texas JCD,UVALDE-REAL-ZAVALA,CCD,2003,2002 TOTAL Tax Rate ,0.09
291,220-201-15,Tarrant County College District,Tarrant,CCD,2003,2002 TOTAL Tax Rate ,0.13938
292,014-202-15,Temple JCD,Bell,CCD,2003,2002 TOTAL Tax Rate ,0.2245
293,019-201-15,Texarkana CCD,BOWIE,CCD,2003,2002 TOTAL Tax Rate ,0.0831
294,107-201-15,Trinity Valley CCD,Henderson-Anderson-Kaufman-Van Zandt,CCD,2003,2002 TOTAL Tax Rate ,0.0615
295,212-201-15,Tyler JCD,SMITH-VAN ZANDT,CCD,2003,2002 TOTAL Tax Rate ,0.1223
296,235-201-15,Victoria JCD,Victoria,CCD,2003,2002 TOTAL Tax Rate ,0.1394
297,239-201-15,Washington County (Blinn) JCD,Washington,CCD,2003,2002 TOTAL Tax Rate ,0.0549
298,241-202-15,Wharton County JCD,Wharton-Fort Bend,CCD,2003,2002 TOTAL Tax Rate ,0.16738
299,244-201-15,Wilbarger County JCD (Vernon Regional Jr College),Wilbarger,CCD,2003,2002 TOTAL Tax Rate ,0.28652
300,015-201-15,Alamo CCD,BEXAR,CCD,2003,2002 Tax Year Assessed Valuation (AV) ,53334094899.0
301,020-201-15,Alvin CCD,BRAZORIA,CCD,2003,2002 Tax Year Assessed Valuation (AV) ,2571009764.0
302,188-201-15,Amarillo JCD,POTTER-RANDALL,CCD,2003,2002 Tax Year Assessed Valuation (AV) ,8354843112.0
303,003-201-15,Angelina County JCD,Angelina,CCD,2003,2002 Tax Year Assessed Valuation (AV) ,2679106339.0
304,227-201-15,Austin CCD,Travis-Williamson,CCD,2003,2002 Tax Year Assessed Valuation (AV) ,49628140514.0
305,013-201-15,Bee County (Coastal Bend) College District,BEE,CCD,2003,2002 Tax Year Assessed Valuation (AV) ,774983740.0
306,020-202-15,Brazosport JCD,BRAZORIA,CCD,2003,2002 Tax Year Assessed Valuation (AV) ,5398021390.0
307,014-201-15,Central Texas College District,Bell-Coryell,CCD,2003,2002 Tax Year Assessed Valuation (AV) ,3911148930.0
308,067-201-15,Cisco JCD,EASTLAND,CCD,2003,2002 Tax Year Assessed Valuation (AV) ,128535030.0
309,065-201-15,Clarendon JCD,DONLEY,CCD,2003,2002 Tax Year Assessed Valuation (AV) ,151212584.0
310,084-201-15,College of the Mainland,GALVESTON,CCD,2003,2002 Tax Year Assessed Valuation (AV) ,6260344112.0
311,043-201-15,Collin County CCD,COLLIN,CCD,2003,2002 Tax Year Assessed Valuation (AV) ,46733177370.0
312,178-201-15,"Corpus Christi (Del Mar) JCD, City of",NUECES,CCD,2003,2002 Tax Year Assessed Valuation (AV) ,10575929428.0
313,057-201-15,Dallas County CCD,DALLAS,CCD,2003,2002 Tax Year Assessed Valuation (AV) ,1.33097170994e+11
314,071-201-15,El Paso CCD,EL PASO,CCD,2003,2002 Tax Year Assessed Valuation (AV) ,19896972950.0
315,117-202-15,Frank Phillips College District (Borger JCD),Hutchinson-Ochiltree,CCD,2003,2002 Tax Year Assessed Valuation (AV) ,1130660450.0
316,084-202-15,Galveston College,GALVESTON,CCD,2003,2002 Tax Year Assessed Valuation (AV) ,2831120101.0
317,091-201-15,Grayson County JCD,GRAYSON,CCD,2003,2002 Tax Year Assessed Valuation (AV) ,4202421833.0
318,109-201-15,Hill County JCD (Hill College),HILL-JOHNSON,CCD,2003,2002 Tax Year Assessed Valuation (AV) ,4341450993.0
319,101-204-15,Houston Community College System,Harris-FORT BEND,CCD,2003,2002 Tax Year Assessed Valuation (AV) ,77197213683.0
320,114-201-15,Howard County JCD,HOWARD,CCD,2003,2002 Tax Year Assessed Valuation (AV) ,1134369124.0
321,092-201-15,Kilgore College District,GREGG-RUSK,CCD,2003,2002 Tax Year Assessed Valuation (AV) ,2006187581.0
322,240-201-15,Laredo CCD,Webb,CCD,2003,2002 Tax Year Assessed Valuation (AV) ,5698431974.0
323,101-202-15,Lee College District,Harris-CHAMBERS,CCD,2003,2002 Tax Year Assessed Valuation (AV) ,6772157113.0
324,161-201-15,McLennan CCD,MCLENNAN,CCD,2003,2002 Tax Year Assessed Valuation (AV) ,7059556819.0
325,165-201-15,Midland County JCD,MIDLAND,CCD,2003,2002 Tax Year Assessed Valuation (AV) ,5070607083.0
326,175-201-15,Navarro County JCD,NAVARRO,CCD,2003,2002 Tax Year Assessed Valuation (AV) ,1486019658.0
327,049-201-15,North Central Texas (Cooke Co) CCD,COOKE,CCD,2003,2002 Tax Year Assessed Valuation (AV) ,1574463486.0
328,101-201-15,North Harris Montgomery CCD,Harris-Montgomery,CCD,2003,2002 Tax Year Assessed Valuation (AV) ,64086892878.0
329,032-201-15,Northeast Texas CCD,Camp-Morris-Titus,CCD,2003,2002 Tax Year Assessed Valuation (AV) ,2842624687.0
330,068-201-15,Odessa JCD,ECTOR,CCD,2003,2002 Tax Year Assessed Valuation (AV) ,4490860666.0
331,183-201-15,Panola County College District,PANOLA,CCD,2003,2002 Tax Year Assessed Valuation (AV) ,2581820573.0
332,139-201-15,Paris JCD,LAMAR,CCD,2003,2002 Tax Year Assessed Valuation (AV) ,1080479677.0
333,184-201-15,Parker County JCD (Weatherford College),PARKER,CCD,2003,2002 Tax Year Assessed Valuation (AV) ,4160259739.0
334,067-202-15,Ranger College District,EASTLAND,CCD,2003,2002 Tax Year Assessed Valuation (AV) ,66323360.0
335,101-203-15,San Jacinto CCD,Harris,CCD,2003,2002 Tax Year Assessed Valuation (AV) ,25519850803.0
336,208-201-15,Scurry County JCD (Western Texas College),SCURRY,CCD,2003,2002 Tax Year Assessed Valuation (AV) ,849854629.0
337,110-201-15,South Plains College District,HOCKLEY,CCD,2003,2002 Tax Year Assessed Valuation (AV) ,1792664469.0
338,214-201-15,South Texas CCD,STARR-HIDALGO,CCD,2003,2002 Tax Year Assessed Valuation (AV) ,16471686559.0
339,031-201-15,Southmost Union JCD (Texas Southmost College),CAMERON,CCD,2003,2002 Tax Year Assessed Valuation (AV) ,5810108858.0
340,232-201-15,Southwest Texas JCD,UVALDE-REAL-ZAVALA,CCD,2003,2002 Tax Year Assessed Valuation (AV) ,1169240005.0
341,220-201-15,Tarrant County College District,Tarrant,CCD,2003,2002 Tax Year Assessed Valuation (AV) ,80642957231.0
342,014-202-15,Temple JCD,Bell,CCD,2003,2002 Tax Year Assessed Valuation (AV) ,2196834027.0
343,019-201-15,Texarkana CCD,BOWIE,CCD,2003,2002 Tax Year Assessed Valuation (AV) ,922107640.0
344,107-201-15,Trinity Valley CCD,Henderson-Anderson-Kaufman-Van Zandt,CCD,2003,2002 Tax Year Assessed Valuation (AV) ,6628405420.0
345,212-201-15,Tyler JCD,SMITH-VAN ZANDT,CCD,2003,2002 Tax Year Assessed Valuation (AV) ,6735187919.0
346,235-201-15,Victoria JCD,Victoria,CCD,2003,2002 Tax Year Assessed Valuation (AV) ,3548021356.0
347,239-201-15,Washington County (Blinn) JCD,Washington,CCD,2003,2002 Tax Year Assessed Valuation (AV) ,1724397031.0
348,241-202-15,Wharton County JCD,Wharton-Fort Bend,CCD,2003,2002 Tax Year Assessed Valuation (AV) ,2015210510.0
349,244-201-15,Wilbarger County JCD (Vernon Regional Jr College),Wilbarger,CCD,2003,2002 Tax Year Assessed Valuation (AV) ,725092625.0
350,015-201-15,Alamo CCD,BEXAR,CCD,2003,Population ,1392931.0
351,020-201-15,Alvin CCD,BRAZORIA,CCD,2003,Population ,111431.0
352,188-201-15,Amarillo JCD,POTTER-RANDALL,CCD,2003,Population ,193748.0
353,003-201-15,Angelina County JCD,Angelina,CCD,2003,Population ,80130.0
354,227-201-15,Austin CCD,Travis-Williamson,CCD,2003,Population ,652958.0
355,013-201-15,Bee County (Coastal Bend) College District,BEE,CCD,2003,Population ,32359.0
356,020-202-15,Brazosport JCD,BRAZORIA,CCD,2003,Population ,61153.0
357,014-201-15,Central Texas College District,Bell-Coryell,CCD,2003,Population ,179846.0
358,067-201-15,Cisco JCD,EASTLAND,CCD,2003,Population ,5008.0
359,065-201-15,Clarendon JCD,DONLEY,CCD,2003,Population ,3828.0
360,084-201-15,College of the Mainland,GALVESTON,CCD,2003,Population ,118093.0
361,043-201-15,Collin County CCD,COLLIN,CCD,2003,Population ,491675.0
362,178-201-15,"Corpus Christi (Del Mar) JCD, City of",NUECES,CCD,2003,Population ,281167.0
363,057-201-15,Dallas County CCD,DALLAS,CCD,2003,Population ,2218899.0
364,071-201-15,El Paso CCD,EL PASO,CCD,2003,Population ,679622.0
365,117-202-15,Frank Phillips College District (Borger JCD),Hutchinson-Ochiltree,CCD,2003,Population ,15796.0
366,084-202-15,Galveston College,GALVESTON,CCD,2003,Population ,61647.0
367,091-201-15,Grayson County JCD,GRAYSON,CCD,2003,Population ,110595.0
368,109-201-15,Hill County JCD (Hill College),HILL-JOHNSON,CCD,2003,Population ,131468.0
369,101-204-15,Houston Community College System,Harris-FORT BEND,CCD,2003,Population ,1322180.0
370,114-201-15,Howard County JCD,HOWARD,CCD,2003,Population ,33627.0
371,092-201-15,Kilgore College District,GREGG-RUSK,CCD,2003,Population ,50257.0
372,240-201-15,Laredo CCD,Webb,CCD,2003,Population ,176576.0
373,101-202-15,Lee College District,Harris-CHAMBERS,CCD,2003,Population ,86313.0
374,161-201-15,McLennan CCD,MCLENNAN,CCD,2003,Population ,213517.0
375,165-201-15,Midland County JCD,MIDLAND,CCD,2003,Population ,110428.0
376,175-201-15,Navarro County JCD,NAVARRO,CCD,2003,Population ,45118.0
377,049-201-15,North Central Texas (Cooke Co) CCD,COOKE,CCD,2003,Population ,36363.0
378,101-201-15,North Harris Montgomery CCD,Harris-Montgomery,CCD,2003,Population ,1187489.0
379,032-201-15,Northeast Texas CCD,Camp-Morris-Titus,CCD,2003,Population ,78905.0
380,068-201-15,Odessa JCD,ECTOR,CCD,2003,Population ,121123.0
381,183-201-15,Panola County College District,PANOLA,CCD,2003,Population ,22756.0
382,139-201-15,Paris JCD,LAMAR,CCD,2003,Population ,30796.0
383,184-201-15,Parker County JCD (Weatherford College),PARKER,CCD,2003,Population ,88495.0
384,067-202-15,Ranger College District,EASTLAND,CCD,2003,Population ,3116.0
385,101-203-15,San Jacinto CCD,Harris,CCD,2003,Population ,517071.0
386,208-201-15,Scurry County JCD (Western Texas College),SCURRY,CCD,2003,Population ,16361.0
387,110-201-15,South Plains College District,HOCKLEY,CCD,2003,Population ,23761.0
388,214-201-15,South Texas CCD,STARR-HIDALGO,CCD,2003,Population ,623060.0
389,031-201-15,Southmost Union JCD (Texas Southmost College),CAMERON,CCD,2003,Population ,228763.0
390,232-201-15,Southwest Texas JCD,UVALDE-REAL-ZAVALA,CCD,2003,Population ,40573.0
391,220-201-15,Tarrant County College District,Tarrant,CCD,2003,Population ,1446161.0
392,014-202-15,Temple JCD,Bell,CCD,2003,Population ,55400.0
393,019-201-15,Texarkana CCD,BOWIE,CCD,2003,Population ,24799.0
394,107-201-15,Trinity Valley CCD,Henderson-Anderson-Kaufman-Van Zandt,CCD,2003,Population ,155691.0
395,212-201-15,Tyler JCD,SMITH-VAN ZANDT,CCD,2003,Population ,148534.0
396,235-201-15,Victoria JCD,Victoria,CCD,2003,Population ,84088.0
397,239-201-15,Washington County (Blinn) JCD,Washington,CCD,2003,Population ,30373.0
398,241-202-15,Wharton County JCD,Wharton-Fort Bend,CCD,2003,Population ,51787.0
399,244-201-15,Wilbarger County JCD (Vernon Regional Jr College),Wilbarger,CCD,2003,Population ,14676.0
400,015-201-15,Alamo CCD,BEXAR,CCD,2003,Student Headcount - Fall 2002 +Spring Flex ,46087.0
401,020-201-15,Alvin CCD,BRAZORIA,CCD,2003,Student Headcount - Fall 2002 +Spring Flex ,4579.0
402,188-201-15,Amarillo JCD,POTTER-RANDALL,CCD,2003,Student Headcount - Fall 2002 +Spring Flex ,9380.0
403,003-201-15,Angelina County JCD,Angelina,CCD,2003,Student Headcount - Fall 2002 +Spring Flex ,4979.0
404,227-201-15,Austin CCD,Travis-Williamson,CCD,2003,Student Headcount - Fall 2002 +Spring Flex ,30867.0
405,013-201-15,Bee County (Coastal Bend) College District,BEE,CCD,2003,Student Headcount - Fall 2002 +Spring Flex ,3538.0
406,020-202-15,Brazosport JCD,BRAZORIA,CCD,2003,Student Headcount - Fall 2002 +Spring Flex ,4191.0
407,014-201-15,Central Texas College District,Bell-Coryell,CCD,2003,Student Headcount - Fall 2002 +Spring Flex ,13473.0
408,067-201-15,Cisco JCD,EASTLAND,CCD,2003,Student Headcount - Fall 2002 +Spring Flex ,3052.0
409,065-201-15,Clarendon JCD,DONLEY,CCD,2003,Student Headcount - Fall 2002 +Spring Flex ,968.0
410,084-201-15,College of the Mainland,GALVESTON,CCD,2003,Student Headcount - Fall 2002 +Spring Flex ,3631.0
411,043-201-15,Collin County CCD,COLLIN,CCD,2003,Student Headcount - Fall 2002 +Spring Flex ,16049.0
412,178-201-15,"Corpus Christi (Del Mar) JCD, City of",NUECES,CCD,2003,Student Headcount - Fall 2002 +Spring Flex ,11238.0
413,057-201-15,Dallas County CCD,DALLAS,CCD,2003,Student Headcount - Fall 2002 +Spring Flex ,61803.0
414,071-201-15,El Paso CCD,EL PASO,CCD,2003,Student Headcount - Fall 2002 +Spring Flex ,19842.0
415,117-202-15,Frank Phillips College District (Borger JCD),Hutchinson-Ochiltree,CCD,2003,Student Headcount - Fall 2002 +Spring Flex ,1348.0
416,084-202-15,Galveston College,GALVESTON,CCD,2003,Student Headcount - Fall 2002 +Spring Flex ,2372.0
417,091-201-15,Grayson County JCD,GRAYSON,CCD,2003,Student Headcount - Fall 2002 +Spring Flex ,3673.0
418,109-201-15,Hill County JCD (Hill College),HILL-JOHNSON,CCD,2003,Student Headcount - Fall 2002 +Spring Flex ,3212.0
419,101-204-15,Houston Community College System,Harris-FORT BEND,CCD,2003,Student Headcount - Fall 2002 +Spring Flex ,40499.0
420,114-201-15,Howard County JCD,HOWARD,CCD,2003,Student Headcount - Fall 2002 +Spring Flex ,2928.0
421,092-201-15,Kilgore College District,GREGG-RUSK,CCD,2003,Student Headcount - Fall 2002 +Spring Flex ,4597.0
422,240-201-15,Laredo CCD,Webb,CCD,2003,Student Headcount - Fall 2002 +Spring Flex ,7825.0
423,101-202-15,Lee College District,Harris-CHAMBERS,CCD,2003,Student Headcount - Fall 2002 +Spring Flex ,6686.0
424,161-201-15,McLennan CCD,MCLENNAN,CCD,2003,Student Headcount - Fall 2002 +Spring Flex ,6898.0
425,165-201-15,Midland County JCD,MIDLAND,CCD,2003,Student Headcount - Fall 2002 +Spring Flex ,5402.0
426,175-201-15,Navarro County JCD,NAVARRO,CCD,2003,Student Headcount - Fall 2002 +Spring Flex ,5135.0
427,049-201-15,North Central Texas (Cooke Co) CCD,COOKE,CCD,2003,Student Headcount - Fall 2002 +Spring Flex ,6313.0
428,101-201-15,North Harris Montgomery CCD,Harris-Montgomery,CCD,2003,Student Headcount - Fall 2002 +Spring Flex ,35167.0
429,032-201-15,Northeast Texas CCD,Camp-Morris-Titus,CCD,2003,Student Headcount - Fall 2002 +Spring Flex ,2465.0
430,068-201-15,Odessa JCD,ECTOR,CCD,2003,Student Headcount - Fall 2002 +Spring Flex ,5067.0
431,183-201-15,Panola County College District,PANOLA,CCD,2003,Student Headcount - Fall 2002 +Spring Flex ,1712.0
432,139-201-15,Paris JCD,LAMAR,CCD,2003,Student Headcount - Fall 2002 +Spring Flex ,3639.0
433,184-201-15,Parker County JCD (Weatherford College),PARKER,CCD,2003,Student Headcount - Fall 2002 +Spring Flex ,3635.0
434,067-202-15,Ranger College District,EASTLAND,CCD,2003,Student Headcount - Fall 2002 +Spring Flex ,893.0
435,101-203-15,San Jacinto CCD,Harris,CCD,2003,Student Headcount - Fall 2002 +Spring Flex ,24141.0
436,208-201-15,Scurry County JCD (Western Texas College),SCURRY,CCD,2003,Student Headcount - Fall 2002 +Spring Flex ,1632.0
437,110-201-15,South Plains College District,HOCKLEY,CCD,2003,Student Headcount - Fall 2002 +Spring Flex ,9031.0
438,214-201-15,South Texas CCD,STARR-HIDALGO,CCD,2003,Student Headcount - Fall 2002 +Spring Flex ,13695.0
439,031-201-15,Southmost Union JCD (Texas Southmost College),CAMERON,CCD,2003,Student Headcount - Fall 2002 +Spring Flex ,7810.0
440,232-201-15,Southwest Texas JCD,UVALDE-REAL-ZAVALA,CCD,2003,Student Headcount - Fall 2002 +Spring Flex ,4326.0
441,220-201-15,Tarrant County College District,Tarrant,CCD,2003,Student Headcount - Fall 2002 +Spring Flex ,32858.0
442,014-202-15,Temple JCD,Bell,CCD,2003,Student Headcount - Fall 2002 +Spring Flex ,3664.0
443,019-201-15,Texarkana CCD,BOWIE,CCD,2003,Student Headcount - Fall 2002 +Spring Flex ,3856.0
444,107-201-15,Trinity Valley CCD,Henderson-Anderson-Kaufman-Van Zandt,CCD,2003,Student Headcount - Fall 2002 +Spring Flex ,5639.0
445,212-201-15,Tyler JCD,SMITH-VAN ZANDT,CCD,2003,Student Headcount - Fall 2002 +Spring Flex ,9138.0
446,235-201-15,Victoria JCD,Victoria,CCD,2003,Student Headcount - Fall 2002 +Spring Flex ,4030.0
447,239-201-15,Washington County (Blinn) JCD,Washington,CCD,2003,Student Headcount - Fall 2002 +Spring Flex ,13806.0
448,241-202-15,Wharton County JCD,Wharton-Fort Bend,CCD,2003,Student Headcount - Fall 2002 +Spring Flex ,5771.0
449,244-201-15,Wilbarger County JCD (Vernon Regional Jr College),Wilbarger,CCD,2003,Student Headcount - Fall 2002 +Spring Flex ,2523.0
450,015-201-15,Alamo CCD,BEXAR,CCD,2003,Debt Ratio Tax Debt to Assessed Valuation (AV) ,0.000588073048945
451,020-201-15,Alvin CCD,BRAZORIA,CCD,2003,Debt Ratio Tax Debt to Assessed Valuation (AV) ,0.0
452,188-201-15,Amarillo JCD,POTTER-RANDALL,CCD,2003,Debt Ratio Tax Debt to Assessed Valuation (AV) ,0.0022687439783
453,003-201-15,Angelina County JCD,Angelina,CCD,2003,Debt Ratio Tax Debt to Assessed Valuation (AV) ,0.00368593058672
454,227-201-15,Austin CCD,Travis-Williamson,CCD,2003,Debt Ratio Tax Debt to Assessed Valuation (AV) ,0.00151123937394
455,013-201-15,Bee County (Coastal Bend) College District,BEE,CCD,2003,Debt Ratio Tax Debt to Assessed Valuation (AV) ,0.0
456,020-202-15,Brazosport JCD,BRAZORIA,CCD,2003,Debt Ratio Tax Debt to Assessed Valuation (AV) ,0.0
457,014-201-15,Central Texas College District,Bell-Coryell,CCD,2003,Debt Ratio Tax Debt to Assessed Valuation (AV) ,0.0
458,067-201-15,Cisco JCD,EASTLAND,CCD,2003,Debt Ratio Tax Debt to Assessed Valuation (AV) ,0.0
459,065-201-15,Clarendon JCD,DONLEY,CCD,2003,Debt Ratio Tax Debt to Assessed Valuation (AV) ,0.0
460,084-201-15,College of the Mainland,GALVESTON,CCD,2003,Debt Ratio Tax Debt to Assessed Valuation (AV) ,0.0
461,043-201-15,Collin County CCD,COLLIN,CCD,2003,Debt Ratio Tax Debt to Assessed Valuation (AV) ,0.000601392877216
462,178-201-15,"Corpus Christi (Del Mar) JCD, City of",NUECES,CCD,2003,Debt Ratio Tax Debt to Assessed Valuation (AV) ,0.000666135307347
463,057-201-15,Dallas County CCD,DALLAS,CCD,2003,Debt Ratio Tax Debt to Assessed Valuation (AV) ,7.40060808689e-05
464,071-201-15,El Paso CCD,EL PASO,CCD,2003,Debt Ratio Tax Debt to Assessed Valuation (AV) ,0.0
465,117-202-15,Frank Phillips College District (Borger JCD),Hutchinson-Ochiltree,CCD,2003,Debt Ratio Tax Debt to Assessed Valuation (AV) ,0.0
466,084-202-15,Galveston College,GALVESTON,CCD,2003,Debt Ratio Tax Debt to Assessed Valuation (AV) ,0.0
467,091-201-15,Grayson County JCD,GRAYSON,CCD,2003,Debt Ratio Tax Debt to Assessed Valuation (AV) ,0.0
468,109-201-15,Hill County JCD (Hill College),HILL-JOHNSON,CCD,2003,Debt Ratio Tax Debt to Assessed Valuation (AV) ,0.0
469,101-204-15,Houston Community College System,Harris-FORT BEND,CCD,2003,Debt Ratio Tax Debt to Assessed Valuation (AV) ,0.0
470,114-201-15,Howard County JCD,HOWARD,CCD,2003,Debt Ratio Tax Debt to Assessed Valuation (AV) ,0.0
471,092-201-15,Kilgore College District,GREGG-RUSK,CCD,2003,Debt Ratio Tax Debt to Assessed Valuation (AV) ,0.0
472,240-201-15,Laredo CCD,Webb,CCD,2003,Debt Ratio Tax Debt to Assessed Valuation (AV) ,0.00873398159829
473,101-202-15,Lee College District,Harris-CHAMBERS,CCD,2003,Debt Ratio Tax Debt to Assessed Valuation (AV) ,0.00302267056987
474,161-201-15,McLennan CCD,MCLENNAN,CCD,2003,Debt Ratio Tax Debt to Assessed Valuation (AV) ,0.00221047870286
475,165-201-15,Midland County JCD,MIDLAND,CCD,2003,Debt Ratio Tax Debt to Assessed Valuation (AV) ,0.0
476,175-201-15,Navarro County JCD,NAVARRO,CCD,2003,Debt Ratio Tax Debt to Assessed Valuation (AV) ,0.0
477,049-201-15,North Central Texas (Cooke Co) CCD,COOKE,CCD,2003,Debt Ratio Tax Debt to Assessed Valuation (AV) ,0.0
478,101-201-15,North Harris Montgomery CCD,Harris-Montgomery,CCD,2003,Debt Ratio Tax Debt to Assessed Valuation (AV) ,0.00321319183225
479,032-201-15,Northeast Texas CCD,Camp-Morris-Titus,CCD,2003,Debt Ratio Tax Debt to Assessed Valuation (AV) ,0.00432846188112
480,068-201-15,Odessa JCD,ECTOR,CCD,2003,Debt Ratio Tax Debt to Assessed Valuation (AV) ,0.0
481,183-201-15,Panola County College District,PANOLA,CCD,2003,Debt Ratio Tax Debt to Assessed Valuation (AV) ,0.000718738610036
482,139-201-15,Paris JCD,LAMAR,CCD,2003,Debt Ratio Tax Debt to Assessed Valuation (AV) ,2.77654458835e-05
483,184-201-15,Parker County JCD (Weatherford College),PARKER,CCD,2003,Debt Ratio Tax Debt to Assessed Valuation (AV) ,0.00190372729033
484,067-202-15,Ranger College District,EASTLAND,CCD,2003,Debt Ratio Tax Debt to Assessed Valuation (AV) ,0.0
485,101-203-15,San Jacinto CCD,Harris,CCD,2003,Debt Ratio Tax Debt to Assessed Valuation (AV) ,0.00294986050589
486,208-201-15,Scurry County JCD (Western Texas College),SCURRY,CCD,2003,Debt Ratio Tax Debt to Assessed Valuation (AV) ,0.0
487,110-201-15,South Plains College District,HOCKLEY,CCD,2003,Debt Ratio Tax Debt to Assessed Valuation (AV) ,0.0
488,214-201-15,South Texas CCD,STARR-HIDALGO,CCD,2003,Debt Ratio Tax Debt to Assessed Valuation (AV) ,0.00686541718694
489,031-201-15,Southmost Union JCD (Texas Southmost College),CAMERON,CCD,2003,Debt Ratio Tax Debt to Assessed Valuation (AV) ,0.000790002409969
490,232-201-15,Southwest Texas JCD,UVALDE-REAL-ZAVALA,CCD,2003,Debt Ratio Tax Debt to Assessed Valuation (AV) ,0.0
491,220-201-15,Tarrant County College District,Tarrant,CCD,2003,Debt Ratio Tax Debt to Assessed Valuation (AV) ,0.000952222024547
492,014-202-15,Temple JCD,Bell,CCD,2003,Debt Ratio Tax Debt to Assessed Valuation (AV) ,0.00464532134634
493,019-201-15,Texarkana CCD,BOWIE,CCD,2003,Debt Ratio Tax Debt to Assessed Valuation (AV) ,0.0
494,107-201-15,Trinity Valley CCD,Henderson-Anderson-Kaufman-Van Zandt,CCD,2003,Debt Ratio Tax Debt to Assessed Valuation (AV) ,0.0
495,212-201-15,Tyler JCD,SMITH-VAN ZANDT,CCD,2003,Debt Ratio Tax Debt to Assessed Valuation (AV) ,0.0
496,235-201-15,Victoria JCD,Victoria,CCD,2003,Debt Ratio Tax Debt to Assessed Valuation (AV) ,0.000908957324777
497,239-201-15,Washington County (Blinn) JCD,Washington,CCD,2003,Debt Ratio Tax Debt to Assessed Valuation (AV) ,0.0
498,241-202-15,Wharton County JCD,Wharton-Fort Bend,CCD,2003,Debt Ratio Tax Debt to Assessed Valuation (AV) ,0.0
499,244-201-15,Wilbarger County JCD (Vernon Regional Jr College),Wilbarger,CCD,2003,Debt Ratio Tax Debt to Assessed Valuation (AV) ,0.0
500,015-201-15,Alamo CCD,BEXAR,CCD,2003,Debt Ratio Tax Debt Service to AV ,0.000676330451812
501,020-201-15,Alvin CCD,BRAZORIA,CCD,2003,Debt Ratio Tax Debt Service to AV ,0.0
502,188-201-15,Amarillo JCD,POTTER-RANDALL,CCD,2003,Debt Ratio Tax Debt Service to AV ,0.00306434839012
503,003-201-15,Angelina County JCD,Angelina,CCD,2003,Debt Ratio Tax Debt Service to AV ,0.0056461812582
504,227-201-15,Austin CCD,Travis-Williamson,CCD,2003,Debt Ratio Tax Debt Service to AV ,0.00288984819092
505,013-201-15,Bee County (Coastal Bend) College District,BEE,CCD,2003,Debt Ratio Tax Debt Service to AV ,0.0
506,020-202-15,Brazosport JCD,BRAZORIA,CCD,2003,Debt Ratio Tax Debt Service to AV ,0.0
507,014-201-15,Central Texas College District,Bell-Coryell,CCD,2003,Debt Ratio Tax Debt Service to AV ,0.0
508,067-201-15,Cisco JCD,EASTLAND,CCD,2003,Debt Ratio Tax Debt Service to AV ,0.0
509,065-201-15,Clarendon JCD,DONLEY,CCD,2003,Debt Ratio Tax Debt Service to AV ,0.0
510,084-201-15,College of the Mainland,GALVESTON,CCD,2003,Debt Ratio Tax Debt Service to AV ,0.0
511,043-201-15,Collin County CCD,COLLIN,CCD,2003,Debt Ratio Tax Debt Service to AV ,0.000845517595287
512,178-201-15,"Corpus Christi (Del Mar) JCD, City of",NUECES,CCD,2003,Debt Ratio Tax Debt Service to AV ,0.000732268974819
513,057-201-15,Dallas County CCD,DALLAS,CCD,2003,Debt Ratio Tax Debt Service to AV ,7.64127185478e-05
514,071-201-15,El Paso CCD,EL PASO,CCD,2003,Debt Ratio Tax Debt Service to AV ,0.0
515,117-202-15,Frank Phillips College District (Borger JCD),Hutchinson-Ochiltree,CCD,2003,Debt Ratio Tax Debt Service to AV ,0.0
516,084-202-15,Galveston College,GALVESTON,CCD,2003,Debt Ratio Tax Debt Service to AV ,0.0
517,091-201-15,Grayson County JCD,GRAYSON,CCD,2003,Debt Ratio Tax Debt Service to AV ,0.0
518,109-201-15,Hill County JCD (Hill College),HILL-JOHNSON,CCD,2003,Debt Ratio Tax Debt Service to AV ,0.0
519,101-204-15,Houston Community College System,Harris-FORT BEND,CCD,2003,Debt Ratio Tax Debt Service to AV ,0.0
520,114-201-15,Howard County JCD,HOWARD,CCD,2003,Debt Ratio Tax Debt Service to AV ,0.0
521,092-201-15,Kilgore College District,GREGG-RUSK,CCD,2003,Debt Ratio Tax Debt Service to AV ,0.0
522,240-201-15,Laredo CCD,Webb,CCD,2003,Debt Ratio Tax Debt Service to AV ,0.0172164257988
523,101-202-15,Lee College District,Harris-CHAMBERS,CCD,2003,Debt Ratio Tax Debt Service to AV ,0.00467728442673
524,161-201-15,McLennan CCD,MCLENNAN,CCD,2003,Debt Ratio Tax Debt Service to AV ,0.00334288955455
525,165-201-15,Midland County JCD,MIDLAND,CCD,2003,Debt Ratio Tax Debt Service to AV ,0.0
526,175-201-15,Navarro County JCD,NAVARRO,CCD,2003,Debt Ratio Tax Debt Service to AV ,0.0
527,049-201-15,North Central Texas (Cooke Co) CCD,COOKE,CCD,2003,Debt Ratio Tax Debt Service to AV ,0.0
528,101-201-15,North Harris Montgomery CCD,Harris-Montgomery,CCD,2003,Debt Ratio Tax Debt Service to AV ,0.00488230762904
529,032-201-15,Northeast Texas CCD,Camp-Morris-Titus,CCD,2003,Debt Ratio Tax Debt Service to AV ,0.0118538207643
530,068-201-15,Odessa JCD,ECTOR,CCD,2003,Debt Ratio Tax Debt Service to AV ,0.0
531,183-201-15,Panola County College District,PANOLA,CCD,2003,Debt Ratio Tax Debt Service to AV ,0.00097283525287
532,139-201-15,Paris JCD,LAMAR,CCD,2003,Debt Ratio Tax Debt Service to AV ,2.94313726365e-05
533,184-201-15,Parker County JCD (Weatherford College),PARKER,CCD,2003,Debt Ratio Tax Debt Service to AV ,0.00316701623615
534,067-202-15,Ranger College District,EASTLAND,CCD,2003,Debt Ratio Tax Debt Service to AV ,0.0
535,101-203-15,San Jacinto CCD,Harris,CCD,2003,Debt Ratio Tax Debt Service to AV ,0.00507670099152
536,208-201-15,Scurry County JCD (Western Texas College),SCURRY,CCD,2003,Debt Ratio Tax Debt Service to AV ,0.0
537,110-201-15,South Plains College District,HOCKLEY,CCD,2003,Debt Ratio Tax Debt Service to AV ,0.0
538,214-201-15,South Texas CCD,STARR-HIDALGO,CCD,2003,Debt Ratio Tax Debt Service to AV ,0.0101180142066
539,031-201-15,Southmost Union JCD (Texas Southmost College),CAMERON,CCD,2003,Debt Ratio Tax Debt Service to AV ,0.000884069494314
540,232-201-15,Southwest Texas JCD,UVALDE-REAL-ZAVALA,CCD,2003,Debt Ratio Tax Debt Service to AV ,0.0
541,220-201-15,Tarrant County College District,Tarrant,CCD,2003,Debt Ratio Tax Debt Service to AV ,0.00127734661137
542,014-202-15,Temple JCD,Bell,CCD,2003,Debt Ratio Tax Debt Service to AV ,0.00685204927409
543,019-201-15,Texarkana CCD,BOWIE,CCD,2003,Debt Ratio Tax Debt Service to AV ,0.0
544,107-201-15,Trinity Valley CCD,Henderson-Anderson-Kaufman-Van Zandt,CCD,2003,Debt Ratio Tax Debt Service to AV ,0.0
545,212-201-15,Tyler JCD,SMITH-VAN ZANDT,CCD,2003,Debt Ratio Tax Debt Service to AV ,0.0
546,235-201-15,Victoria JCD,Victoria,CCD,2003,Debt Ratio Tax Debt Service to AV ,0.000972338073492
547,239-201-15,Washington County (Blinn) JCD,Washington,CCD,2003,Debt Ratio Tax Debt Service to AV ,0.0
548,241-202-15,Wharton County JCD,Wharton-Fort Bend,CCD,2003,Debt Ratio Tax Debt Service to AV ,0.0
549,244-201-15,Wilbarger County JCD (Vernon Regional Jr College),Wilbarger,CCD,2003,Debt Ratio Tax Debt Service to AV ,0.0
550,015-201-15,Alamo CCD,BEXAR,CCD,2003,14,22.5167964529
551,020-201-15,Alvin CCD,BRAZORIA,CCD,2003,14,0.0
552,188-201-15,Amarillo JCD,POTTER-RANDALL,CCD,2003,14,97.8332679563
553,003-201-15,Angelina County JCD,Angelina,CCD,2003,14,123.237239486
554,227-201-15,Austin CCD,Travis-Williamson,CCD,2003,14,114.86190536
555,013-201-15,Bee County (Coastal Bend) College District,BEE,CCD,2003,14,0.0
556,020-202-15,Brazosport JCD,BRAZORIA,CCD,2003,14,0.0
557,014-201-15,Central Texas College District,Bell-Coryell,CCD,2003,14,0.0
558,067-201-15,Cisco JCD,EASTLAND,CCD,2003,14,0.0
559,065-201-15,Clarendon JCD,DONLEY,CCD,2003,14,0.0
560,084-201-15,College of the Mainland,GALVESTON,CCD,2003,14,0.0
561,043-201-15,Collin County CCD,COLLIN,CCD,2003,14,57.1617430213
562,178-201-15,"Corpus Christi (Del Mar) JCD, City of",NUECES,CCD,2003,14,25.0562832765
563,057-201-15,Dallas County CCD,DALLAS,CCD,2003,14,4.43913850968
564,071-201-15,El Paso CCD,EL PASO,CCD,2003,14,0.0
565,117-202-15,Frank Phillips College District (Borger JCD),Hutchinson-Ochiltree,CCD,2003,14,0.0
566,084-202-15,Galveston College,GALVESTON,CCD,2003,14,0.0
567,091-201-15,Grayson County JCD,GRAYSON,CCD,2003,14,0.0
568,109-201-15,Hill County JCD (Hill College),HILL-JOHNSON,CCD,2003,14,0.0
569,101-204-15,Houston Community College System,Harris-FORT BEND,CCD,2003,14,0.0
570,114-201-15,Howard County JCD,HOWARD,CCD,2003,14,0.0
571,092-201-15,Kilgore College District,GREGG-RUSK,CCD,2003,14,0.0
572,240-201-15,Laredo CCD,Webb,CCD,2003,14,281.86163465
573,101-202-15,Lee College District,Harris-CHAMBERS,CCD,2003,14,237.160103345
574,161-201-15,McLennan CCD,MCLENNAN,CCD,2003,14,73.0855154391
575,165-201-15,Midland County JCD,MIDLAND,CCD,2003,14,0.0
576,175-201-15,Navarro County JCD,NAVARRO,CCD,2003,14,0.0
577,049-201-15,North Central Texas (Cooke Co) CCD,COOKE,CCD,2003,14,0.0
578,101-201-15,North Harris Montgomery CCD,Harris-Montgomery,CCD,2003,14,173.410853279
579,032-201-15,Northeast Texas CCD,Camp-Morris-Titus,CCD,2003,14,155.936792345
580,068-201-15,Odessa JCD,ECTOR,CCD,2003,14,0.0
581,183-201-15,Panola County College District,PANOLA,CCD,2003,14,81.5457079452
582,139-201-15,Paris JCD,LAMAR,CCD,2003,14,0.974152487336
583,184-201-15,Parker County JCD (Weatherford College),PARKER,CCD,2003,14,89.4965817278
584,067-202-15,Ranger College District,EASTLAND,CCD,2003,14,0.0
585,101-203-15,San Jacinto CCD,Harris,CCD,2003,14,145.589290446
586,208-201-15,Scurry County JCD (Western Texas College),SCURRY,CCD,2003,14,0.0
587,110-201-15,South Plains College District,HOCKLEY,CCD,2003,14,0.0
588,214-201-15,South Texas CCD,STARR-HIDALGO,CCD,2003,14,181.499374057
589,031-201-15,Southmost Union JCD (Texas Southmost College),CAMERON,CCD,2003,14,20.0644334967
590,232-201-15,Southwest Texas JCD,UVALDE-REAL-ZAVALA,CCD,2003,14,0.0
591,220-201-15,Tarrant County College District,Tarrant,CCD,2003,14,53.0992054135
592,014-202-15,Temple JCD,Bell,CCD,2003,14,184.205776173
593,019-201-15,Texarkana CCD,BOWIE,CCD,2003,14,0.0
594,107-201-15,Trinity Valley CCD,Henderson-Anderson-Kaufman-Van Zandt,CCD,2003,14,0.0
595,212-201-15,Tyler JCD,SMITH-VAN ZANDT,CCD,2003,14,0.0
596,235-201-15,Victoria JCD,Victoria,CCD,2003,14,38.3526781467
597,239-201-15,Washington County (Blinn) JCD,Washington,CCD,2003,14,0.0
598,241-202-15,Wharton County JCD,Wharton-Fort Bend,CCD,2003,14,0.0
599,244-201-15,Wilbarger County JCD (Vernon Regional Jr College),Wilbarger,CCD,2003,14,0.0
600,015-201-15,Alamo CCD,BEXAR,CCD,2003,15,680.546440428
601,020-201-15,Alvin CCD,BRAZORIA,CCD,2003,15,0.0
602,188-201-15,Amarillo JCD,POTTER-RANDALL,CCD,2003,15,2020.78891258
603,003-201-15,Angelina County JCD,Angelina,CCD,2003,15,1983.32998594
604,227-201-15,Austin CCD,Travis-Williamson,CCD,2003,15,2429.77937603
605,013-201-15,Bee County (Coastal Bend) College District,BEE,CCD,2003,15,0.0
606,020-202-15,Brazosport JCD,BRAZORIA,CCD,2003,15,0.0
607,014-201-15,Central Texas College District,Bell-Coryell,CCD,2003,15,0.0
608,067-201-15,Cisco JCD,EASTLAND,CCD,2003,15,0.0
609,065-201-15,Clarendon JCD,DONLEY,CCD,2003,15,0.0
610,084-201-15,College of the Mainland,GALVESTON,CCD,2003,15,0.0
611,043-201-15,Collin County CCD,COLLIN,CCD,2003,15,1751.19945168
612,178-201-15,"Corpus Christi (Del Mar) JCD, City of",NUECES,CCD,2003,15,626.890905855
613,057-201-15,Dallas County CCD,DALLAS,CCD,2003,15,159.377376503
614,071-201-15,El Paso CCD,EL PASO,CCD,2003,15,0.0
615,117-202-15,Frank Phillips College District (Borger JCD),Hutchinson-Ochiltree,CCD,2003,15,0.0
616,084-202-15,Galveston College,GALVESTON,CCD,2003,15,0.0
617,091-201-15,Grayson County JCD,GRAYSON,CCD,2003,15,0.0
618,109-201-15,Hill County JCD (Hill College),HILL-JOHNSON,CCD,2003,15,0.0
619,101-204-15,Houston Community College System,Harris-FORT BEND,CCD,2003,15,0.0
620,114-201-15,Howard County JCD,HOWARD,CCD,2003,15,0.0
621,092-201-15,Kilgore College District,GREGG-RUSK,CCD,2003,15,0.0
622,240-201-15,Laredo CCD,Webb,CCD,2003,15,6360.38338658
623,101-202-15,Lee College District,Harris-CHAMBERS,CCD,2003,15,3061.62129824
624,161-201-15,McLennan CCD,MCLENNAN,CCD,2003,15,2262.24992752
625,165-201-15,Midland County JCD,MIDLAND,CCD,2003,15,0.0
626,175-201-15,Navarro County JCD,NAVARRO,CCD,2003,15,0.0
627,049-201-15,North Central Texas (Cooke Co) CCD,COOKE,CCD,2003,15,0.0
628,101-201-15,North Harris Montgomery CCD,Harris-Montgomery,CCD,2003,15,5855.58849916
629,032-201-15,Northeast Texas CCD,Camp-Morris-Titus,CCD,2003,15,4991.5588641
630,068-201-15,Odessa JCD,ECTOR,CCD,2003,15,0.0
631,183-201-15,Panola County College District,PANOLA,CCD,2003,15,1083.91012266
632,139-201-15,Paris JCD,LAMAR,CCD,2003,15,8.24402308326
633,184-201-15,Parker County JCD (Weatherford College),PARKER,CCD,2003,15,2178.8170564
634,067-202-15,Ranger College District,EASTLAND,CCD,2003,15,0.0
635,101-203-15,San Jacinto CCD,Harris,CCD,2003,15,3118.34638167
636,208-201-15,Scurry County JCD (Western Texas College),SCURRY,CCD,2003,15,0.0
637,110-201-15,South Plains College District,HOCKLEY,CCD,2003,15,0.0
638,214-201-15,South Texas CCD,STARR-HIDALGO,CCD,2003,15,8257.3932092
639,031-201-15,Southmost Union JCD (Texas Southmost College),CAMERON,CCD,2003,15,587.708066581
640,232-201-15,Southwest Texas JCD,UVALDE-REAL-ZAVALA,CCD,2003,15,0.0
641,220-201-15,Tarrant County College District,Tarrant,CCD,2003,15,2337.02599063
642,014-202-15,Temple JCD,Bell,CCD,2003,15,2785.20742358
643,019-201-15,Texarkana CCD,BOWIE,CCD,2003,15,0.0
644,107-201-15,Trinity Valley CCD,Henderson-Anderson-Kaufman-Van Zandt,CCD,2003,15,0.0
645,212-201-15,Tyler JCD,SMITH-VAN ZANDT,CCD,2003,15,0.0
646,235-201-15,Victoria JCD,Victoria,CCD,2003,15,800.248138958
647,239-201-15,Washington County (Blinn) JCD,Washington,CCD,2003,15,0.0
648,241-202-15,Wharton County JCD,Wharton-Fort Bend,CCD,2003,15,0.0
649,244-201-15,Wilbarger County JCD (Vernon Regional Jr College),Wilbarger,CCD,2003,15,0.0
